INSERT INTO PUBLIC.CITY (CITY_ID, IMAGE, NAME) VALUES (49, 'img/c1.jpg', 'Париж');
INSERT INTO PUBLIC.CITY (CITY_ID, IMAGE, NAME) VALUES (50, 'img/c2.jpg', 'Лондон');
INSERT INTO PUBLIC.CITY (CITY_ID, IMAGE, NAME) VALUES (51, 'img/c3.jpg', 'Дубаї');
INSERT INTO PUBLIC.CITY (CITY_ID, IMAGE, NAME) VALUES (52, 'img/c4.jpg', 'Стамбул');
INSERT INTO PUBLIC.CITY (CITY_ID, IMAGE, NAME) VALUES (53, 'img/c5.jpg', 'Лісабон');
INSERT INTO PUBLIC.CITY (CITY_ID, IMAGE, NAME) VALUES (54, 'img/c6.jpg', 'Балі');

INSERT INTO PUBLIC.HOTEL (HOTEL_ID, NAME, STARSAMOUNT, CITY_CITY_ID, IMAGE) VALUES (1, 'Soko', 4, 53, 'img/hot1.jpg');
INSERT INTO PUBLIC.HOTEL (HOTEL_ID, NAME, STARSAMOUNT, CITY_CITY_ID, IMAGE) VALUES (2, 'Pestana', 3, 53, 'img/hot7.jpg');
INSERT INTO PUBLIC.HOTEL (HOTEL_ID, NAME, STARSAMOUNT, CITY_CITY_ID, IMAGE) VALUES (3, 'Madeira', 3, 53, 'img/hot8.jpg');
INSERT INTO PUBLIC.HOTEL (HOTEL_ID, NAME, STARSAMOUNT, CITY_CITY_ID, IMAGE) VALUES (4, 'Boma', 5, 53, 'img/hot9.jpg');
INSERT INTO PUBLIC.HOTEL (HOTEL_ID, NAME, STARSAMOUNT, CITY_CITY_ID, IMAGE) VALUES (5, 'Hotel de Louvre', 5, 49, 'img/hot10.jpg');
INSERT INTO PUBLIC.HOTEL (HOTEL_ID, NAME, STARSAMOUNT, CITY_CITY_ID, IMAGE) VALUES (6, 'Le saint Paris', 4, 49, 'img/hot11.jpg');
INSERT INTO PUBLIC.HOTEL (HOTEL_ID, NAME, STARSAMOUNT, CITY_CITY_ID, IMAGE) VALUES (7, 'Shereeton', 5, 49, 'img/hot3.jpg');
INSERT INTO PUBLIC.HOTEL (HOTEL_ID, NAME, STARSAMOUNT, CITY_CITY_ID, IMAGE) VALUES (8, 'New York', 4, 49, 'img/hot12.jpg');
INSERT INTO PUBLIC.HOTEL (HOTEL_ID, NAME, STARSAMOUNT, CITY_CITY_ID, IMAGE) VALUES (9, 'Mercure', 5, 50, 'img/hot5.jpg');
INSERT INTO PUBLIC.HOTEL (HOTEL_ID, NAME, STARSAMOUNT, CITY_CITY_ID, IMAGE) VALUES (10, 'Le Meridien Picadilly', 5, 50, 'img/hot13.jpg');
INSERT INTO PUBLIC.HOTEL (HOTEL_ID, NAME, STARSAMOUNT, CITY_CITY_ID, IMAGE) VALUES (11, 'Grange St Pauls', 4, 50, 'img/hot14.jpg');
INSERT INTO PUBLIC.HOTEL (HOTEL_ID, NAME, STARSAMOUNT, CITY_CITY_ID, IMAGE) VALUES (12, 'aLoft', 5, 50, 'img/hot15.jpg');
INSERT INTO PUBLIC.HOTEL (HOTEL_ID, NAME, STARSAMOUNT, CITY_CITY_ID, IMAGE) VALUES (13, 'Hilton', 5, 52, 'img/hot2.jpg');
INSERT INTO PUBLIC.HOTEL (HOTEL_ID, NAME, STARSAMOUNT, CITY_CITY_ID, IMAGE) VALUES (14, 'Plaza', 4, 52, 'img/hot4.jpg');
INSERT INTO PUBLIC.HOTEL (HOTEL_ID, NAME, STARSAMOUNT, CITY_CITY_ID, IMAGE) VALUES (15, 'Family', 4, 52, 'img/hot6.jpg');
INSERT INTO PUBLIC.HOTEL (HOTEL_ID, NAME, STARSAMOUNT, CITY_CITY_ID, IMAGE) VALUES (16, 'Glorious', 5, 52, 'img/hot16.jpg');
INSERT INTO PUBLIC.HOTEL (HOTEL_ID, NAME, STARSAMOUNT, CITY_CITY_ID, IMAGE) VALUES (17, 'St Regis', 4, 51, 'img/hot17.jpg');
INSERT INTO PUBLIC.HOTEL (HOTEL_ID, NAME, STARSAMOUNT, CITY_CITY_ID, IMAGE) VALUES (18, 'Le Royal Meridien', 5, 51, 'img/hot18.jpg');
INSERT INTO PUBLIC.HOTEL (HOTEL_ID, NAME, STARSAMOUNT, CITY_CITY_ID, IMAGE) VALUES (19, 'Ajman', 4, 51, 'img/hot19.jpg');
INSERT INTO PUBLIC.HOTEL (HOTEL_ID, NAME, STARSAMOUNT, CITY_CITY_ID, IMAGE) VALUES (20, 'Four Points', 4, 51, 'img/hot20.jpg');
INSERT INTO PUBLIC.HOTEL (HOTEL_ID, NAME, STARSAMOUNT, CITY_CITY_ID, IMAGE) VALUES (21, 'St Regis', 5, 54, 'img/hot21.jpg');
INSERT INTO PUBLIC.HOTEL (HOTEL_ID, NAME, STARSAMOUNT, CITY_CITY_ID, IMAGE) VALUES (22, 'Belissimo', 5, 54, 'img/hot22.jpg');
INSERT INTO PUBLIC.HOTEL (HOTEL_ID, NAME, STARSAMOUNT, CITY_CITY_ID, IMAGE) VALUES (23, 'Heritage', 5, 54, 'img/hot23.jpg');
INSERT INTO PUBLIC.HOTEL (HOTEL_ID, NAME, STARSAMOUNT, CITY_CITY_ID, IMAGE) VALUES (24, 'Four seasons', 4, 54, 'img/hot24.jpg');

INSERT INTO PUBLIC.TOUR (TOUR_ID, ADULTSAMOUNT, DEPARTUREAIRPORT, DEPARTUREDATE, FOODTYPE, NIGHTSAMOUNT, PRICE, HOTEL_HOTEL_ID) VALUES (25, 2, 'Бориспіль', '2018-06-12', 'Все включено', 7, 2450, 5);
INSERT INTO PUBLIC.TOUR (TOUR_ID, ADULTSAMOUNT, DEPARTUREAIRPORT, DEPARTUREDATE, FOODTYPE, NIGHTSAMOUNT, PRICE, HOTEL_HOTEL_ID) VALUES (26, 1, 'Бориспіль', '2018-06-19', 'Сніданок', 10, 2000, 6);
INSERT INTO PUBLIC.TOUR (TOUR_ID, ADULTSAMOUNT, DEPARTUREAIRPORT, DEPARTUREDATE, FOODTYPE, NIGHTSAMOUNT, PRICE, HOTEL_HOTEL_ID) VALUES (27, 2, 'Жуляни', '2018-06-20', 'Сніданок-вечеря', 5, 3000, 7);
INSERT INTO PUBLIC.TOUR (TOUR_ID, ADULTSAMOUNT, DEPARTUREAIRPORT, DEPARTUREDATE, FOODTYPE, NIGHTSAMOUNT, PRICE, HOTEL_HOTEL_ID) VALUES (28, 2, 'Львів', '2018-07-23', 'Все включено', 7, 3000, 8);
INSERT INTO PUBLIC.TOUR (TOUR_ID, ADULTSAMOUNT, DEPARTUREAIRPORT, DEPARTUREDATE, FOODTYPE, NIGHTSAMOUNT, PRICE, HOTEL_HOTEL_ID) VALUES (29, 3, 'Бориспіль', '2018-05-21', 'Все включено', 7, 2350, 9);
INSERT INTO PUBLIC.TOUR (TOUR_ID, ADULTSAMOUNT, DEPARTUREAIRPORT, DEPARTUREDATE, FOODTYPE, NIGHTSAMOUNT, PRICE, HOTEL_HOTEL_ID) VALUES (30, 1, 'Жуляни', '2018-05-29', 'Сніданок-обід', 10, 2050, 10);
INSERT INTO PUBLIC.TOUR (TOUR_ID, ADULTSAMOUNT, DEPARTUREAIRPORT, DEPARTUREDATE, FOODTYPE, NIGHTSAMOUNT, PRICE, HOTEL_HOTEL_ID) VALUES (31, 2, 'Жуляни', '2018-05-30', 'Сніданок-вечеря', 5, 3300, 11);
INSERT INTO PUBLIC.TOUR (TOUR_ID, ADULTSAMOUNT, DEPARTUREAIRPORT, DEPARTUREDATE, FOODTYPE, NIGHTSAMOUNT, PRICE, HOTEL_HOTEL_ID) VALUES (32, 2, 'Львів', '2018-07-01', 'Все включено', 7, 3500, 12);
INSERT INTO PUBLIC.TOUR (TOUR_ID, ADULTSAMOUNT, DEPARTUREAIRPORT, DEPARTUREDATE, FOODTYPE, NIGHTSAMOUNT, PRICE, HOTEL_HOTEL_ID) VALUES (33, 2, 'Львів', '2018-06-10', 'Все включено', 8, 2450, 17);
INSERT INTO PUBLIC.TOUR (TOUR_ID, ADULTSAMOUNT, DEPARTUREAIRPORT, DEPARTUREDATE, FOODTYPE, NIGHTSAMOUNT, PRICE, HOTEL_HOTEL_ID) VALUES (34, 1, 'Бориспіль', '2018-06-15', 'Сніданок', 10, 2500, 18);
INSERT INTO PUBLIC.TOUR (TOUR_ID, ADULTSAMOUNT, DEPARTUREAIRPORT, DEPARTUREDATE, FOODTYPE, NIGHTSAMOUNT, PRICE, HOTEL_HOTEL_ID) VALUES (35, 2, 'Бориспіль', '2018-06-19', 'Сніданок-вечеря', 6, 3000, 19);
INSERT INTO PUBLIC.TOUR (TOUR_ID, ADULTSAMOUNT, DEPARTUREAIRPORT, DEPARTUREDATE, FOODTYPE, NIGHTSAMOUNT, PRICE, HOTEL_HOTEL_ID) VALUES (36, 2, 'Львів', '2018-07-25', 'Все включено', 2, 3500, 20);
INSERT INTO PUBLIC.TOUR (TOUR_ID, ADULTSAMOUNT, DEPARTUREAIRPORT, DEPARTUREDATE, FOODTYPE, NIGHTSAMOUNT, PRICE, HOTEL_HOTEL_ID) VALUES (37, 2, 'Бориспіль', '2018-06-11', 'Все включено', 5, 2650, 13);
INSERT INTO PUBLIC.TOUR (TOUR_ID, ADULTSAMOUNT, DEPARTUREAIRPORT, DEPARTUREDATE, FOODTYPE, NIGHTSAMOUNT, PRICE, HOTEL_HOTEL_ID) VALUES (38, 1, 'Бориспіль', '2018-06-23', 'Сніданок', 10, 2400, 14);
INSERT INTO PUBLIC.TOUR (TOUR_ID, ADULTSAMOUNT, DEPARTUREAIRPORT, DEPARTUREDATE, FOODTYPE, NIGHTSAMOUNT, PRICE, HOTEL_HOTEL_ID) VALUES (39, 2, 'Бориспіль', '2018-06-27', 'Все включено', 3, 2000, 15);
INSERT INTO PUBLIC.TOUR (TOUR_ID, ADULTSAMOUNT, DEPARTUREAIRPORT, DEPARTUREDATE, FOODTYPE, NIGHTSAMOUNT, PRICE, HOTEL_HOTEL_ID) VALUES (40, 2, 'Жуляни', '2018-07-01', 'Обід', 7, 3000, 16);
INSERT INTO PUBLIC.TOUR (TOUR_ID, ADULTSAMOUNT, DEPARTUREAIRPORT, DEPARTUREDATE, FOODTYPE, NIGHTSAMOUNT, PRICE, HOTEL_HOTEL_ID) VALUES (41, 2, 'Жуляни', '2018-06-14', 'Все включено', 7, 2350, 1);
INSERT INTO PUBLIC.TOUR (TOUR_ID, ADULTSAMOUNT, DEPARTUREAIRPORT, DEPARTUREDATE, FOODTYPE, NIGHTSAMOUNT, PRICE, HOTEL_HOTEL_ID) VALUES (42, 1, 'Бориспіль', '2018-06-19', 'Сніданок', 10, 2600, 2);
INSERT INTO PUBLIC.TOUR (TOUR_ID, ADULTSAMOUNT, DEPARTUREAIRPORT, DEPARTUREDATE, FOODTYPE, NIGHTSAMOUNT, PRICE, HOTEL_HOTEL_ID) VALUES (43, 2, 'Бориспіль', '2018-06-20', 'Сніданок-вечеря', 5, 3000, 3);
INSERT INTO PUBLIC.TOUR (TOUR_ID, ADULTSAMOUNT, DEPARTUREAIRPORT, DEPARTUREDATE, FOODTYPE, NIGHTSAMOUNT, PRICE, HOTEL_HOTEL_ID) VALUES (44, 2, 'Львів', '2018-07-13', 'Все включено', 7, 3500, 4);
INSERT INTO PUBLIC.TOUR (TOUR_ID, ADULTSAMOUNT, DEPARTUREAIRPORT, DEPARTUREDATE, FOODTYPE, NIGHTSAMOUNT, PRICE, HOTEL_HOTEL_ID) VALUES (45, 2, 'Бориспіль', '2018-06-15', 'Все включено', 7, 2450, 17);
INSERT INTO PUBLIC.TOUR (TOUR_ID, ADULTSAMOUNT, DEPARTUREAIRPORT, DEPARTUREDATE, FOODTYPE, NIGHTSAMOUNT, PRICE, HOTEL_HOTEL_ID) VALUES (46, 1, 'Львів', '2018-06-24', 'Сніданок-вечеря', 8, 2000, 22);
INSERT INTO PUBLIC.TOUR (TOUR_ID, ADULTSAMOUNT, DEPARTUREAIRPORT, DEPARTUREDATE, FOODTYPE, NIGHTSAMOUNT, PRICE, HOTEL_HOTEL_ID) VALUES (47, 2, 'Бориспіль', '2018-07-03', 'Сніданок-вечеря', 5, 3700, 23);
INSERT INTO PUBLIC.TOUR (TOUR_ID, ADULTSAMOUNT, DEPARTUREAIRPORT, DEPARTUREDATE, FOODTYPE, NIGHTSAMOUNT, PRICE, HOTEL_HOTEL_ID) VALUES (48, 2, 'Львів', '2018-07-23', 'Все включено', 10, 4000, 24);
